-- ----------------------------
-- Sequence structure for auth_group_id_seq
-- ----------------------------
DROP SEQUENCE IF EXISTS "auth_group_id_seq";
CREATE SEQUENCE "auth_group_id_seq" 
INCREMENT 1
MINVALUE  1
MAXVALUE 2147483647
START 1
CACHE 1;

-- ----------------------------
-- Sequence structure for auth_permission_id_seq
-- ----------------------------
DROP SEQUENCE IF EXISTS "auth_permission_id_seq";
CREATE SEQUENCE "auth_permission_id_seq" 
INCREMENT 1
MINVALUE  1
MAXVALUE 2147483647
START 1
CACHE 1;

-- ----------------------------
-- Sequence structure for auth_user_groups_id_seq
-- ----------------------------
DROP SEQUENCE IF EXISTS "auth_user_groups_id_seq";
CREATE SEQUENCE "auth_user_groups_id_seq" 
INCREMENT 1
MINVALUE  1
MAXVALUE 9223372036854775807
START 1
CACHE 1;

-- ----------------------------
-- Sequence structure for auth_user_id_seq
-- ----------------------------
DROP SEQUENCE IF EXISTS "auth_user_id_seq";
CREATE SEQUENCE "auth_user_id_seq" 
INCREMENT 1
MINVALUE  1
MAXVALUE 2147483647
START 1
CACHE 1;

-- ----------------------------
-- Sequence structure for auth_user_user_permissions_id_seq
-- ----------------------------
DROP SEQUENCE IF EXISTS "auth_user_user_permissions_id_seq";
CREATE SEQUENCE "auth_user_user_permissions_id_seq" 
INCREMENT 1
MINVALUE  1
MAXVALUE 9223372036854775807
START 1
CACHE 1;

-- ----------------------------
-- Sequence structure for blog_coupon_id_seq
-- ----------------------------
DROP SEQUENCE IF EXISTS "blog_coupon_id_seq";
CREATE SEQUENCE "blog_coupon_id_seq" 
INCREMENT 1
MINVALUE  1
MAXVALUE 2147483647
START 1
CACHE 1;

-- ----------------------------
-- Sequence structure for blog_coupon_id_seq1
-- ----------------------------
DROP SEQUENCE IF EXISTS "blog_coupon_id_seq1";
CREATE SEQUENCE "blog_coupon_id_seq1" 
INCREMENT 1
MINVALUE  1
MAXVALUE 2147483647
START 1
CACHE 1;

-- ----------------------------
-- Sequence structure for blog_customer_id_seq
-- ----------------------------
DROP SEQUENCE IF EXISTS "blog_customer_id_seq";
CREATE SEQUENCE "blog_customer_id_seq" 
INCREMENT 1
MINVALUE  1
MAXVALUE 2147483647
START 1
CACHE 1;

-- ----------------------------
-- Sequence structure for blog_customer_id_seq1
-- ----------------------------
DROP SEQUENCE IF EXISTS "blog_customer_id_seq1";
CREATE SEQUENCE "blog_customer_id_seq1" 
INCREMENT 1
MINVALUE  1
MAXVALUE 2147483647
START 1
CACHE 1;

-- ----------------------------
-- Sequence structure for blog_ipaddress_id_seq
-- ----------------------------
DROP SEQUENCE IF EXISTS "blog_ipaddress_id_seq";
CREATE SEQUENCE "blog_ipaddress_id_seq" 
INCREMENT 1
MINVALUE  1
MAXVALUE 2147483647
START 1
CACHE 1;

-- ----------------------------
-- Sequence structure for blog_ipaddress_id_seq1
-- ----------------------------
DROP SEQUENCE IF EXISTS "blog_ipaddress_id_seq1";
CREATE SEQUENCE "blog_ipaddress_id_seq1" 
INCREMENT 1
MINVALUE  1
MAXVALUE 2147483647
START 1
CACHE 1;

-- ----------------------------
-- Sequence structure for blog_order_id_seq
-- ----------------------------
DROP SEQUENCE IF EXISTS "blog_order_id_seq";
CREATE SEQUENCE "blog_order_id_seq" 
INCREMENT 1
MINVALUE  1
MAXVALUE 2147483647
START 1
CACHE 1;

-- ----------------------------
-- Sequence structure for blog_order_id_seq1
-- ----------------------------
DROP SEQUENCE IF EXISTS "blog_order_id_seq1";
CREATE SEQUENCE "blog_order_id_seq1" 
INCREMENT 1
MINVALUE  1
MAXVALUE 2147483647
START 1
CACHE 1;

-- ----------------------------
-- Sequence structure for blog_orderitem_id_seq
-- ----------------------------
DROP SEQUENCE IF EXISTS "blog_orderitem_id_seq";
CREATE SEQUENCE "blog_orderitem_id_seq" 
INCREMENT 1
MINVALUE  1
MAXVALUE 2147483647
START 1
CACHE 1;

-- ----------------------------
-- Sequence structure for blog_orderitem_id_seq1
-- ----------------------------
DROP SEQUENCE IF EXISTS "blog_orderitem_id_seq1";
CREATE SEQUENCE "blog_orderitem_id_seq1" 
INCREMENT 1
MINVALUE  1
MAXVALUE 2147483647
START 1
CACHE 1;

-- ----------------------------
-- Sequence structure for blog_product_hits_id_seq
-- ----------------------------
DROP SEQUENCE IF EXISTS "blog_product_hits_id_seq";
CREATE SEQUENCE "blog_product_hits_id_seq" 
INCREMENT 1
MINVALUE  1
MAXVALUE 2147483647
START 1
CACHE 1;

-- ----------------------------
-- Sequence structure for blog_product_hits_id_seq1
-- ----------------------------
DROP SEQUENCE IF EXISTS "blog_product_hits_id_seq1";
CREATE SEQUENCE "blog_product_hits_id_seq1" 
INCREMENT 1
MINVALUE  1
MAXVALUE 2147483647
START 1
CACHE 1;

-- ----------------------------
-- Sequence structure for blog_product_id_seq
-- ----------------------------
DROP SEQUENCE IF EXISTS "blog_product_id_seq";
CREATE SEQUENCE "blog_product_id_seq" 
INCREMENT 1
MINVALUE  1
MAXVALUE 2147483647
START 1
CACHE 1;

-- ----------------------------
-- Sequence structure for blog_product_id_seq1
-- ----------------------------
DROP SEQUENCE IF EXISTS "blog_product_id_seq1";
CREATE SEQUENCE "blog_product_id_seq1" 
INCREMENT 1
MINVALUE  1
MAXVALUE 2147483647
START 1
CACHE 1;

-- ----------------------------
-- Sequence structure for django_admin_log_id_seq
-- ----------------------------
DROP SEQUENCE IF EXISTS "django_admin_log_id_seq";
CREATE SEQUENCE "django_admin_log_id_seq" 
INCREMENT 1
MINVALUE  1
MAXVALUE 2147483647
START 1
CACHE 1;

-- ----------------------------
-- Sequence structure for django_content_type_id_seq
-- ----------------------------
DROP SEQUENCE IF EXISTS "django_content_type_id_seq";
CREATE SEQUENCE "django_content_type_id_seq" 
INCREMENT 1
MINVALUE  1
MAXVALUE 2147483647
START 1
CACHE 1;

-- ----------------------------
-- Sequence structure for django_migrations_id_seq
-- ----------------------------
DROP SEQUENCE IF EXISTS "django_migrations_id_seq";
CREATE SEQUENCE "django_migrations_id_seq" 
INCREMENT 1
MINVALUE  1
MAXVALUE 9223372036854775807
START 1
CACHE 1;

-- ----------------------------
-- Sequence structure for star_ratings_rating_id_seq
-- ----------------------------
DROP SEQUENCE IF EXISTS "star_ratings_rating_id_seq";
CREATE SEQUENCE "star_ratings_rating_id_seq" 
INCREMENT 1
MINVALUE  1
MAXVALUE 9223372036854775807
START 1
CACHE 1;

-- ----------------------------
-- Sequence structure for star_ratings_userrating_id_seq
-- ----------------------------
DROP SEQUENCE IF EXISTS "star_ratings_userrating_id_seq";
CREATE SEQUENCE "star_ratings_userrating_id_seq" 
INCREMENT 1
MINVALUE  1
MAXVALUE 9223372036854775807
START 1
CACHE 1;

-- ----------------------------
-- Sequence structure for taggit_tag_id_seq
-- ----------------------------
DROP SEQUENCE IF EXISTS "taggit_tag_id_seq";
CREATE SEQUENCE "taggit_tag_id_seq" 
INCREMENT 1
MINVALUE  1
MAXVALUE 2147483647
START 1
CACHE 1;

-- ----------------------------
-- Sequence structure for taggit_taggeditem_id_seq
-- ----------------------------
DROP SEQUENCE IF EXISTS "taggit_taggeditem_id_seq";
CREATE SEQUENCE "taggit_taggeditem_id_seq" 
INCREMENT 1
MINVALUE  1
MAXVALUE 2147483647
START 1
CACHE 1;

-- ----------------------------
-- Table structure for auth_group
-- ----------------------------
DROP TABLE IF EXISTS "auth_group";
CREATE TABLE "auth_group" (
  "id" int4 NOT NULL DEFAULT nextval('auth_group_id_seq'::regclass),
  "name" varchar(150) COLLATE "pg_catalog"."default" NOT NULL
)
;

-- ----------------------------
-- Records of auth_group
-- ----------------------------
BEGIN;
COMMIT;

-- ----------------------------
-- Table structure for auth_group_permissions
-- ----------------------------
DROP TABLE IF EXISTS "auth_group_permissions";
CREATE TABLE "auth_group_permissions" (
  "id" int8 NOT NULL,
  "group_id" int4 NOT NULL,
  "permission_id" int4 NOT NULL
)
;

-- ----------------------------
-- Records of auth_group_permissions
-- ----------------------------
BEGIN;
COMMIT;

-- ----------------------------
-- Table structure for auth_permission
-- ----------------------------
DROP TABLE IF EXISTS "auth_permission";
CREATE TABLE "auth_permission" (
  "id" int4 NOT NULL DEFAULT nextval('auth_permission_id_seq'::regclass),
  "name" varchar(255) COLLATE "pg_catalog"."default" NOT NULL,
  "content_type_id" int4 NOT NULL,
  "codename" varchar(100) COLLATE "pg_catalog"."default" NOT NULL
)
;

-- ----------------------------
-- Records of auth_permission
-- ----------------------------
BEGIN;
INSERT INTO "auth_permission" ("id", "name", "content_type_id", "codename") VALUES (1, 'Can add log entry', 1, 'add_logentry');
INSERT INTO "auth_permission" ("id", "name", "content_type_id", "codename") VALUES (2, 'Can change log entry', 1, 'change_logentry');
INSERT INTO "auth_permission" ("id", "name", "content_type_id", "codename") VALUES (3, 'Can delete log entry', 1, 'delete_logentry');
INSERT INTO "auth_permission" ("id", "name", "content_type_id", "codename") VALUES (4, 'Can view log entry', 1, 'view_logentry');
INSERT INTO "auth_permission" ("id", "name", "content_type_id", "codename") VALUES (5, 'Can add permission', 2, 'add_permission');
INSERT INTO "auth_permission" ("id", "name", "content_type_id", "codename") VALUES (6, 'Can change permission', 2, 'change_permission');
INSERT INTO "auth_permission" ("id", "name", "content_type_id", "codename") VALUES (7, 'Can delete permission', 2, 'delete_permission');
INSERT INTO "auth_permission" ("id", "name", "content_type_id", "codename") VALUES (8, 'Can view permission', 2, 'view_permission');
INSERT INTO "auth_permission" ("id", "name", "content_type_id", "codename") VALUES (9, 'Can add group', 3, 'add_group');
INSERT INTO "auth_permission" ("id", "name", "content_type_id", "codename") VALUES (10, 'Can change group', 3, 'change_group');
INSERT INTO "auth_permission" ("id", "name", "content_type_id", "codename") VALUES (11, 'Can delete group', 3, 'delete_group');
INSERT INTO "auth_permission" ("id", "name", "content_type_id", "codename") VALUES (12, 'Can view group', 3, 'view_group');
INSERT INTO "auth_permission" ("id", "name", "content_type_id", "codename") VALUES (13, 'Can add user', 4, 'add_user');
INSERT INTO "auth_permission" ("id", "name", "content_type_id", "codename") VALUES (14, 'Can change user', 4, 'change_user');
INSERT INTO "auth_permission" ("id", "name", "content_type_id", "codename") VALUES (15, 'Can delete user', 4, 'delete_user');
INSERT INTO "auth_permission" ("id", "name", "content_type_id", "codename") VALUES (16, 'Can view user', 4, 'view_user');
INSERT INTO "auth_permission" ("id", "name", "content_type_id", "codename") VALUES (17, 'Can add content type', 5, 'add_contenttype');
INSERT INTO "auth_permission" ("id", "name", "content_type_id", "codename") VALUES (18, 'Can change content type', 5, 'change_contenttype');
INSERT INTO "auth_permission" ("id", "name", "content_type_id", "codename") VALUES (19, 'Can delete content type', 5, 'delete_contenttype');
INSERT INTO "auth_permission" ("id", "name", "content_type_id", "codename") VALUES (20, 'Can view content type', 5, 'view_contenttype');
INSERT INTO "auth_permission" ("id", "name", "content_type_id", "codename") VALUES (21, 'Can add session', 6, 'add_session');
INSERT INTO "auth_permission" ("id", "name", "content_type_id", "codename") VALUES (22, 'Can change session', 6, 'change_session');
INSERT INTO "auth_permission" ("id", "name", "content_type_id", "codename") VALUES (23, 'Can delete session', 6, 'delete_session');
INSERT INTO "auth_permission" ("id", "name", "content_type_id", "codename") VALUES (24, 'Can view session', 6, 'view_session');
INSERT INTO "auth_permission" ("id", "name", "content_type_id", "codename") VALUES (25, 'Can add ip address', 7, 'add_ipaddress');
INSERT INTO "auth_permission" ("id", "name", "content_type_id", "codename") VALUES (26, 'Can change ip address', 7, 'change_ipaddress');
INSERT INTO "auth_permission" ("id", "name", "content_type_id", "codename") VALUES (27, 'Can delete ip address', 7, 'delete_ipaddress');
INSERT INTO "auth_permission" ("id", "name", "content_type_id", "codename") VALUES (28, 'Can view ip address', 7, 'view_ipaddress');
INSERT INTO "auth_permission" ("id", "name", "content_type_id", "codename") VALUES (29, 'Can add customer', 8, 'add_customer');
INSERT INTO "auth_permission" ("id", "name", "content_type_id", "codename") VALUES (30, 'Can change customer', 8, 'change_customer');
INSERT INTO "auth_permission" ("id", "name", "content_type_id", "codename") VALUES (31, 'Can delete customer', 8, 'delete_customer');
INSERT INTO "auth_permission" ("id", "name", "content_type_id", "codename") VALUES (32, 'Can view customer', 8, 'view_customer');
INSERT INTO "auth_permission" ("id", "name", "content_type_id", "codename") VALUES (33, 'Can add coupon', 9, 'add_coupon');
INSERT INTO "auth_permission" ("id", "name", "content_type_id", "codename") VALUES (34, 'Can change coupon', 9, 'change_coupon');
INSERT INTO "auth_permission" ("id", "name", "content_type_id", "codename") VALUES (35, 'Can delete coupon', 9, 'delete_coupon');
INSERT INTO "auth_permission" ("id", "name", "content_type_id", "codename") VALUES (36, 'Can view coupon', 9, 'view_coupon');
INSERT INTO "auth_permission" ("id", "name", "content_type_id", "codename") VALUES (37, 'Can add order', 10, 'add_order');
INSERT INTO "auth_permission" ("id", "name", "content_type_id", "codename") VALUES (38, 'Can change order', 10, 'change_order');
INSERT INTO "auth_permission" ("id", "name", "content_type_id", "codename") VALUES (39, 'Can delete order', 10, 'delete_order');
INSERT INTO "auth_permission" ("id", "name", "content_type_id", "codename") VALUES (40, 'Can view order', 10, 'view_order');
INSERT INTO "auth_permission" ("id", "name", "content_type_id", "codename") VALUES (41, 'Can add delivery', 11, 'add_delivery');
INSERT INTO "auth_permission" ("id", "name", "content_type_id", "codename") VALUES (42, 'Can change delivery', 11, 'change_delivery');
INSERT INTO "auth_permission" ("id", "name", "content_type_id", "codename") VALUES (43, 'Can delete delivery', 11, 'delete_delivery');
INSERT INTO "auth_permission" ("id", "name", "content_type_id", "codename") VALUES (44, 'Can view delivery', 11, 'view_delivery');
INSERT INTO "auth_permission" ("id", "name", "content_type_id", "codename") VALUES (45, 'Can add shipping address', 12, 'add_shippingaddress');
INSERT INTO "auth_permission" ("id", "name", "content_type_id", "codename") VALUES (46, 'Can change shipping address', 12, 'change_shippingaddress');
INSERT INTO "auth_permission" ("id", "name", "content_type_id", "codename") VALUES (47, 'Can delete shipping address', 12, 'delete_shippingaddress');
INSERT INTO "auth_permission" ("id", "name", "content_type_id", "codename") VALUES (48, 'Can view shipping address', 12, 'view_shippingaddress');
INSERT INTO "auth_permission" ("id", "name", "content_type_id", "codename") VALUES (49, 'Can add product', 13, 'add_product');
INSERT INTO "auth_permission" ("id", "name", "content_type_id", "codename") VALUES (50, 'Can change product', 13, 'change_product');
INSERT INTO "auth_permission" ("id", "name", "content_type_id", "codename") VALUES (51, 'Can delete product', 13, 'delete_product');
INSERT INTO "auth_permission" ("id", "name", "content_type_id", "codename") VALUES (52, 'Can view product', 13, 'view_product');
INSERT INTO "auth_permission" ("id", "name", "content_type_id", "codename") VALUES (53, 'Can add order item', 14, 'add_orderitem');
INSERT INTO "auth_permission" ("id", "name", "content_type_id", "codename") VALUES (54, 'Can change order item', 14, 'change_orderitem');
INSERT INTO "auth_permission" ("id", "name", "content_type_id", "codename") VALUES (55, 'Can delete order item', 14, 'delete_orderitem');
INSERT INTO "auth_permission" ("id", "name", "content_type_id", "codename") VALUES (56, 'Can view order item', 14, 'view_orderitem');
INSERT INTO "auth_permission" ("id", "name", "content_type_id", "codename") VALUES (57, 'Can add rating', 15, 'add_rating');
INSERT INTO "auth_permission" ("id", "name", "content_type_id", "codename") VALUES (58, 'Can change rating', 15, 'change_rating');
INSERT INTO "auth_permission" ("id", "name", "content_type_id", "codename") VALUES (59, 'Can delete rating', 15, 'delete_rating');
INSERT INTO "auth_permission" ("id", "name", "content_type_id", "codename") VALUES (60, 'Can view rating', 15, 'view_rating');
INSERT INTO "auth_permission" ("id", "name", "content_type_id", "codename") VALUES (61, 'Can add user rating', 16, 'add_userrating');
INSERT INTO "auth_permission" ("id", "name", "content_type_id", "codename") VALUES (62, 'Can change user rating', 16, 'change_userrating');
INSERT INTO "auth_permission" ("id", "name", "content_type_id", "codename") VALUES (63, 'Can delete user rating', 16, 'delete_userrating');
INSERT INTO "auth_permission" ("id", "name", "content_type_id", "codename") VALUES (64, 'Can view user rating', 16, 'view_userrating');
INSERT INTO "auth_permission" ("id", "name", "content_type_id", "codename") VALUES (65, 'Can add tag', 17, 'add_tag');
INSERT INTO "auth_permission" ("id", "name", "content_type_id", "codename") VALUES (66, 'Can change tag', 17, 'change_tag');
INSERT INTO "auth_permission" ("id", "name", "content_type_id", "codename") VALUES (67, 'Can delete tag', 17, 'delete_tag');
INSERT INTO "auth_permission" ("id", "name", "content_type_id", "codename") VALUES (68, 'Can view tag', 17, 'view_tag');
INSERT INTO "auth_permission" ("id", "name", "content_type_id", "codename") VALUES (69, 'Can add tagged item', 18, 'add_taggeditem');
INSERT INTO "auth_permission" ("id", "name", "content_type_id", "codename") VALUES (70, 'Can change tagged item', 18, 'change_taggeditem');
INSERT INTO "auth_permission" ("id", "name", "content_type_id", "codename") VALUES (71, 'Can delete tagged item', 18, 'delete_taggeditem');
INSERT INTO "auth_permission" ("id", "name", "content_type_id", "codename") VALUES (72, 'Can view tagged item', 18, 'view_taggeditem');
COMMIT;

-- ----------------------------
-- Table structure for auth_user
-- ----------------------------
DROP TABLE IF EXISTS "auth_user";
CREATE TABLE "auth_user" (
  "id" int4 NOT NULL DEFAULT nextval('auth_user_id_seq'::regclass),
  "password" varchar(128) COLLATE "pg_catalog"."default" NOT NULL,
  "last_login" timestamptz(6),
  "is_superuser" bool NOT NULL,
  "username" varchar(150) COLLATE "pg_catalog"."default" NOT NULL,
  "first_name" varchar(150) COLLATE "pg_catalog"."default" NOT NULL,
  "last_name" varchar(150) COLLATE "pg_catalog"."default" NOT NULL,
  "email" varchar(254) COLLATE "pg_catalog"."default" NOT NULL,
  "is_staff" bool NOT NULL,
  "is_active" bool NOT NULL,
  "date_joined" timestamptz(6) NOT NULL
)
;

-- ----------------------------
-- Records of auth_user
-- ----------------------------
BEGIN;
INSERT INTO "auth_user" ("id", "password", "last_login", "is_superuser", "username", "first_name", "last_name", "email", "is_staff", "is_active", "date_joined") VALUES (1, 'pbkdf2_sha256$260000$0yEGm9IvVAszCB16ufGJ7y$/Kq440NvFnX5cjW+uZSZjM2L9W+L47Q1S94nk+ENUy0=', '2022-07-27 01:05:05.681849+04:30', 't', 'admin', '', '', 'admin@gmail.com', 't', 't', '2022-07-26 23:25:29.51279+04:30');
COMMIT;

-- ----------------------------
-- Table structure for auth_user_groups
-- ----------------------------
DROP TABLE IF EXISTS "auth_user_groups";
CREATE TABLE "auth_user_groups" (
  "id" int8 NOT NULL DEFAULT nextval('auth_user_groups_id_seq'::regclass),
  "user_id" int4 NOT NULL,
  "group_id" int4 NOT NULL
)
;

-- ----------------------------
-- Records of auth_user_groups
-- ----------------------------
BEGIN;
COMMIT;

-- ----------------------------
-- Table structure for auth_user_user_permissions
-- ----------------------------
DROP TABLE IF EXISTS "auth_user_user_permissions";
CREATE TABLE "auth_user_user_permissions" (
  "id" int8 NOT NULL DEFAULT nextval('auth_user_user_permissions_id_seq'::regclass),
  "user_id" int4 NOT NULL,
  "permission_id" int4 NOT NULL
)
;

-- ----------------------------
-- Records of auth_user_user_permissions
-- ----------------------------
BEGIN;
COMMIT;

-- ----------------------------
-- Table structure for blog_coupon
-- ----------------------------
DROP TABLE IF EXISTS "blog_coupon";
CREATE TABLE "blog_coupon" (
  "id" int4 NOT NULL GENERATED ALWAYS AS IDENTITY (
INCREMENT 1
MINVALUE  1
MAXVALUE 2147483647
START 1
CACHE 1
),
  "code" text COLLATE "pg_catalog"."default" NOT NULL,
  "discount" int4 NOT NULL,
  "valid_to" timestamp(0),
  "valid_from" timestamp(0),
  "active" bool
)
;

-- ----------------------------
-- Records of blog_coupon
-- ----------------------------
BEGIN;
COMMIT;

-- ----------------------------
-- Table structure for blog_customer
-- ----------------------------
DROP TABLE IF EXISTS "blog_customer";
CREATE TABLE "blog_customer" (
  "id" int4 NOT NULL GENERATED ALWAYS AS IDENTITY (
INCREMENT 1
MINVALUE  1
MAXVALUE 2147483647
START 1
CACHE 1
),
  "email" text COLLATE "pg_catalog"."default",
  "user_id" int4,
  "first_name" text COLLATE "pg_catalog"."default",
  "last_name" text COLLATE "pg_catalog"."default",
  "phone" text COLLATE "pg_catalog"."default",
  "image" text COLLATE "pg_catalog"."default" NOT NULL,
  "address" text COLLATE "pg_catalog"."default",
  "ip_address_id" int4
)
;

-- ----------------------------
-- Records of blog_customer
-- ----------------------------
BEGIN;
INSERT INTO "blog_customer" ("id", "email", "user_id", "first_name", "last_name", "phone", "image", "address", "ip_address_id") OVERRIDING SYSTEM VALUE VALUES (1, 'admin@gmail.com', 1, NULL, NULL, NULL, 'man.png', NULL, 475);
COMMIT;

-- ----------------------------
-- Table structure for blog_delivery
-- ----------------------------
DROP TABLE IF EXISTS "blog_delivery";
CREATE TABLE "blog_delivery" (
  "id" int4 NOT NULL DEFAULT 1,
  "name" text COLLATE "pg_catalog"."default" NOT NULL,
  "price" float4 NOT NULL,
  "active" bool NOT NULL
)
;

-- ----------------------------
-- Records of blog_delivery
-- ----------------------------
BEGIN;
INSERT INTO "blog_delivery" ("id", "name", "price", "active") VALUES (1, 'پست', 30000, 't');
COMMIT;

-- ----------------------------
-- Table structure for blog_ipaddress
-- ----------------------------
DROP TABLE IF EXISTS "blog_ipaddress";
CREATE TABLE "blog_ipaddress" (
  "id" int4 NOT NULL GENERATED ALWAYS AS IDENTITY (
INCREMENT 1
MINVALUE  1
MAXVALUE 2147483647
START 1
CACHE 1
),
  "ip_address" text COLLATE "pg_catalog"."default"
)
;

-- ----------------------------
-- Records of blog_ipaddress
-- ----------------------------
BEGIN;
INSERT INTO "blog_ipaddress" ("id", "ip_address") OVERRIDING SYSTEM VALUE VALUES (1, '127.0.0.1/32');
COMMIT;

-- ----------------------------
-- Table structure for blog_order
-- ----------------------------
DROP TABLE IF EXISTS "blog_order";
CREATE TABLE "blog_order" (
  "id" int4 NOT NULL GENERATED ALWAYS AS IDENTITY (
INCREMENT 1
MINVALUE  1
MAXVALUE 2147483647
START 1
CACHE 1
),
  "transaction_id" text COLLATE "pg_catalog"."default",
  "customer_id" int4,
  "date_orderd" date NOT NULL,
  "coupons_id" int4,
  "coplete" bool,
  "delivery_id" int4 NOT NULL
)
;

-- ----------------------------
-- Records of blog_order
-- ----------------------------
BEGIN;
COMMIT;

-- ----------------------------
-- Table structure for blog_orderitem
-- ----------------------------
DROP TABLE IF EXISTS "blog_orderitem";
CREATE TABLE "blog_orderitem" (
  "id" int4 NOT NULL GENERATED ALWAYS AS IDENTITY (
INCREMENT 1
MINVALUE  1
MAXVALUE 2147483647
START 1
CACHE 1
),
  "quantity" int4 NOT NULL,
  "order_id" int4,
  "product_id" int4,
  "date_added" date
)
;

-- ----------------------------
-- Records of blog_orderitem
-- ----------------------------
BEGIN;
COMMIT;

-- ----------------------------
-- Table structure for blog_product
-- ----------------------------
DROP TABLE IF EXISTS "blog_product";
CREATE TABLE "blog_product" (
  "id" int4 NOT NULL GENERATED ALWAYS AS IDENTITY (
INCREMENT 1
MINVALUE  1
MAXVALUE 2147483647
START 1
CACHE 1
),
  "title" text COLLATE "pg_catalog"."default" NOT NULL,
  "slug" text COLLATE "pg_catalog"."default" NOT NULL,
  "price" float8 NOT NULL,
  "image" text COLLATE "pg_catalog"."default",
  "status" text COLLATE "pg_catalog"."default" NOT NULL,
  "author_id" int4 NOT NULL,
  "offPrice" float8,
  "description" text COLLATE "pg_catalog"."default" NOT NULL,
  "publish" timestamp(0),
  "created" timestamp(6),
  "updated" timestamp(6)
)
;

-- ----------------------------
-- Records of blog_product
-- ----------------------------
BEGIN;
INSERT INTO "blog_product" ("id", "title", "slug", "price", "image", "status", "author_id", "offPrice", "description", "publish", "created", "updated") OVERRIDING SYSTEM VALUE VALUES (22, 'لپتاپ Macbook Air m1', 'macbook-air-m1', 32000000, 'b5ae8ce207a016a_3WJG17n.jpg', 'published', 16, NULL, 'موردانتظارترین و تأثیرگذارترین رویداد اپل در سال ۲۰۲۰، نخستین کامپیوتر‌های مک با پردازنده‌ی اختصاصی این شرکت را به‌ارمغان آورد. مک‌بوک ایر نخستین لپ‌تاپ اپل با پردازنده‌ی مبتنی‌بر ARM کوپرتینونشین‌ها موسوم به M1 خواهد بود.همان‌طور که انتظار می‌رفت مک‌بوک ایر به‌لحاظ ظاهر و طراحی هیچ تفاوتی با نسخه‌ی اینتل ندارد و همانند گذشته است. تغییرات اصلی مک‌ بوک ایر در داخل آن رخ می‌دهد؛ جایی‌که تراشه اختصاصی M1 توان پردازشی موردنیاز کاربر را با بهره‌وری بالاتر و مصرف انرژی کمتر فراهم می‌سازد. این تراشه در دو نسخه‌ با گرافیک ۷ یا ۸ هسته‌ای درون مک بوک ایر به‌کار می‌رود؛ اما در هر دو نسخه، پردازنده‌ی مرکزی ۸ هسته‌ای و واحد پردازش عصبی ۱۶ هسته‌ای دردسترس هستند. به‌مدد بهینگی بسیار بیشتر تراشه‌‌ی اختصاصی M1، کوپرتینونشین‌ها مک‌ بوک ایر را با سیستم خنک‌کننده‌ی پسیو (بدون فن) تولید می‌کنند.اپل می‌گوید CPU داخل تراشه‌ی M1 به‌مدد ۴ هسته‌ی قدرتمند و ۴ هسته‌ی کم‌مصرفش در مجموع بالغ‌بر ۳٫۵ برابر و GPU هشت هسته‌ای آن نیز تا ۵ برابر سریع‌تر از نسل گذشته عمل می‌کنند. از سوی دیگر به‌لطف واحد پردازش عصبی ۱۶ هسته‌ای M1 پردازش‌های مبتنی‌بر یادگیری ماشین نظیر تشخیص چهره یا شناسایی اجسام تا ۹ برابر سریع‌تر صورت می‌گیرد. براساس ادعای اپل، تراشه‌ی M1 موجود در داخل مک بوک ایر از «۹۸ درصد لپ‌تاپ‌های فروخته‌شده در سال گذشته» سریع‌تر است. اپل می‌گوید به‌لطف کنترلر حافظه‌ی موجود در M1 و حافظه‌های جدید، ماژول‌های SSD مک‌بوک ایر بالغ‌بر ۲ برابر سریع‌تر از گذشته هستند.اولترابوک محبوب اپل جک ۳٫۵ میلی‌متری هدفون و دو پورت USB 4 با پشتیبانی از USB 3.1 Gen 2 (پهنای باند ۱۰ گیگابیت‌برثانیه) و تاندربولت ۳ (پهنای باند ۴۰ گیگابیت‌برثانیه) را دراختیار کاربر می‌گذارد. این پورت‌‌ها هم‌اکنون از گرافیک اکسترنال پشتیبانی نمی‌کنند؛ اما به‌کمک آن‌ها می‌توان یک نمایشگر اکسترنال با وضوح 6K و نرخ نوسازی ۶۰ هرتز را به مک‌بوک ایر متصل کرد.مک بوک ایر اسپیکرهای استریو با پشتیبانی از دالبی اتموس، ماژول Wi-Fi 6 و بلوتوث ۵ را در بطن خود دارد. این لپ‌تاپ همانند گذشته از وب‌کم 720p استفاده می‌کند؛ اما اکنون به‌لطف پردازنده‌ی سیگنال تصویر داخل تراشه‌ی M1 تصاویر را با نویز کمتر و گستره‌ی دینامیکی وسیع‌تری ثبت می‌کند.', '2022-07-25 18:38:31', '2022-07-25 18:38:32', '2022-07-26 18:59:31.4064');
INSERT INTO "blog_product" ("id", "title", "slug", "price", "image", "status", "author_id", "offPrice", "description", "publish", "created", "updated") OVERRIDING SYSTEM VALUE VALUES (21, 'هدفون AirPods Max', 'airpods-max', 17000000, 'fd_1609242516_dXCzeb4.jpg', 'published', 16, NULL, 'هدفون AirPods Max یکی از محصولات باکیفیت و بی‌نظیر برند اپل است. چند سالی‌ست که برند اپل به عنوان یکی از پرچمداران و مهم‌ترین تولیدکننده‌های کالاهای دیجیتال نظر کاربران را به خود جلب کرده و محبوبیت زیادی کسب کرده است. باتری این هدفون بعد از هر بار شارژ کامل تا 20 ساعت مکالمه یا گوش سپردن به موسیقی دوام می‌آورد که ویژگی منحصر به فردی‌ست. باتری این محصول به گونه‌اس است که تنها با پنج دقیقه اتصال به شارژر، برای 1 ساعت و نیم استفاده، شارژ می‌شود. اپل برای این محصول یک کیس هوشمند در نظر گرفته که علاو', '2022-07-25 18:38:27', '2022-07-25 18:38:29', '2022-07-26 18:59:50.028521');
INSERT INTO "blog_product" ("id", "title", "slug", "price", "image", "status", "author_id", "offPrice", "description", "publish", "created", "updated") OVERRIDING SYSTEM VALUE VALUES (19, 'گوشی موبایل iPhone13', 'iphone13', 30000000, '520ca34b12b97fd521631699177_gmRGs9d.jpg', 'published', 16, 27000000, 'کلیدی‌ترین تغییرات آیفون ۱۳ درمقایسه‌با نسل گذشته را می‌توان بزرگ‌تر شدن حسگر دوربین اصلی، افزایش شارژدهی و سریع‌تر شدن پردازنده دانست. اپل آیفون ۱۳ را «ابرقدرت جدید شما» توصیف می‌کند، در ادامه با بررسی آیفون ۱۳ همراه زومیت باشید تا ببینیم گوشی هوشمند جدید اپل تا چه اندازه می‌تواند نقش ابرقدرت را ایفا کند
اپل می‌گوید آیفون ۱۳ فضای رنگی وسیع DCI P3 را به‌صورت کامل پوشش می‌دهد و از پخش محتوای HDR با استانداردهای HDR10 و Dolby Vision نیز پشتیبانی می‌کند. از آنجا که در آیفون از پروفایل‌های رنگی خبر', '2022-07-25 18:38:19', '2022-07-25 18:38:21', '2022-07-26 18:59:59.88196');
INSERT INTO "blog_product" ("id", "title", "slug", "price", "image", "status", "author_id", "offPrice", "description", "publish", "created", "updated") OVERRIDING SYSTEM VALUE VALUES (20, 'گوشی موبایل iPhone12', 'iphone12', 25000000, '113542038_ciZBRdY.jpg', 'published', 16, NULL, 'برای پی‌بردن به دقت ساخت آیفون ۱۲ صرفا باید مرز بین شیشه و فریم را لمس کنید؛ فریم و قاب پشتی به‌گونه‌ای کنار هم جای گرفته‌اند که گویی بدنه‌ی دستگاه ساختاری یکپارچه و یک‌جنس دارد. در نمای مقابل آیفون‌های جدید نیز دیگری خبری از نوار پلاستیکی بین فریم و پوشش نمایشگر نیست و این دو المان به‌صورت مستقیم بر یکدیگر مماس هستند. طراحان اپل همانند نسل‌های پیشین، فریم نسخه‌ی عادی را از جنس «آلومینیوم به‌کاررفته در صنایع هوافضا» و نسخه‌ی پرو را از جنس «فولاد ضدزنگ به‌کاررفته در تجهیزات پزشکی» می‌سازند. فریم آلومینیومی آیفون ۱۲ با پوشش مات و فریم فولادی آیفون ۱۲ پرو با پوشش براق هم‌رنگ بدنه تولید می‌شوند. اگرچه اسکلت فولادی نسخه‌ی پرو حس خوشایندتری القا می‌کند، ما ترجیح می‌دهیم که گوشی هوشمندمان جاذب درجه‌یک لک، چربی و آثار انگشت نباشد، شما چطور؟!
طراحی جدید راحتی گذشته را ندارد؛ اما بسیار جذاب‌تر و مدرن‌تر است 
آیفون ۱۲ همانند گذشته از نمایشگر ۶٫۱ اینچی با گوشه‌های گرد استفاده می‌کند؛ اما اکنون به‌مدد بهره‌گیری از پنل منعطف OLED حاشیه‌های دورتادور نمایشگر باریک‌تر شده‌اند؛ صفحه‌نمایش آیفون ۱۲ با افزایش ۷ درصدی ابعاد درمقایسه‌با آیفون ۱۱، بالغ‌بر ۸۶ درصد از نمای مقابل را دراختیار دارد. قطر صفحه‌نمایش آیفون ۱۲ پرو درمقایسه‌با آیفون ۱۱ پرو افزایش ۰٫۳ اینچی تجربه می‌کند و هم‌اکنون چه به لحاظ نسبت «نمایشگر به بدنه» چه ابعاد با آیفون ۱۲ برابر است. نمایشگرهای تمام‌صفحه‌ی آیفون ۱۲ / ۱۲ پرو از ۳ ضلع با حاشیه‌هایی باریک و از سمت ضلع بالا با بریدگی مستطیلی نسبتا عریض حاوی دوربین سلفی و ماژول‌های FaceID محدود شده‌‌اند؛ مهندسان اپل برخلاف تصور قبلی‌مان، هیچ تغییری در ابعاد بریدگی نمایشگر ایجاد نکرده‌اند.', '2022-07-25 05:08:24', '2022-07-25 05:08:26', '2022-07-26 19:31:22.987439');
COMMIT;

-- ----------------------------
-- Table structure for blog_product_hits
-- ----------------------------
DROP TABLE IF EXISTS "blog_product_hits";
CREATE TABLE "blog_product_hits" (
  "id" int4 NOT NULL GENERATED ALWAYS AS IDENTITY (
INCREMENT 1
MINVALUE  1
MAXVALUE 2147483647
START 1
CACHE 1
),
  "product_id" int4 NOT NULL,
  "ipaddress_id" int4 NOT NULL
)
;

-- ----------------------------
-- Records of blog_product_hits
-- ----------------------------
BEGIN;
COMMIT;

-- ----------------------------
-- Table structure for blog_shippingaddress
-- ----------------------------
DROP TABLE IF EXISTS "blog_shippingaddress";
CREATE TABLE "blog_shippingaddress" (
  "id" int4 NOT NULL,
  "address" text COLLATE "pg_catalog"."default" NOT NULL,
  "city" text COLLATE "pg_catalog"."default" NOT NULL,
  "customer_id" int4,
  "order_id" int4,
  "date_added" date
)
;

-- ----------------------------
-- Records of blog_shippingaddress
-- ----------------------------
BEGIN;
COMMIT;

-- ----------------------------
-- Table structure for django_admin_log
-- ----------------------------
DROP TABLE IF EXISTS "django_admin_log";
CREATE TABLE "django_admin_log" (
  "id" int4 NOT NULL DEFAULT nextval('django_admin_log_id_seq'::regclass),
  "action_time" timestamptz(6) NOT NULL,
  "object_id" text COLLATE "pg_catalog"."default",
  "object_repr" varchar(200) COLLATE "pg_catalog"."default" NOT NULL,
  "action_flag" int2 NOT NULL,
  "change_message" text COLLATE "pg_catalog"."default" NOT NULL,
  "content_type_id" int4,
  "user_id" int4 NOT NULL
)
;

-- ----------------------------
-- Records of django_admin_log
-- ----------------------------
BEGIN;
COMMIT;

-- ----------------------------
-- Table structure for django_content_type
-- ----------------------------
DROP TABLE IF EXISTS "django_content_type";
CREATE TABLE "django_content_type" (
  "id" int4 NOT NULL DEFAULT nextval('django_content_type_id_seq'::regclass),
  "app_label" varchar(100) COLLATE "pg_catalog"."default" NOT NULL,
  "model" varchar(100) COLLATE "pg_catalog"."default" NOT NULL
)
;

-- ----------------------------
-- Records of django_content_type
-- ----------------------------
BEGIN;
INSERT INTO "django_content_type" ("id", "app_label", "model") VALUES (1, 'admin', 'logentry');
INSERT INTO "django_content_type" ("id", "app_label", "model") VALUES (2, 'auth', 'permission');
INSERT INTO "django_content_type" ("id", "app_label", "model") VALUES (3, 'auth', 'group');
INSERT INTO "django_content_type" ("id", "app_label", "model") VALUES (4, 'auth', 'user');
INSERT INTO "django_content_type" ("id", "app_label", "model") VALUES (5, 'contenttypes', 'contenttype');
INSERT INTO "django_content_type" ("id", "app_label", "model") VALUES (6, 'sessions', 'session');
INSERT INTO "django_content_type" ("id", "app_label", "model") VALUES (7, 'blog', 'ipaddress');
INSERT INTO "django_content_type" ("id", "app_label", "model") VALUES (8, 'blog', 'customer');
INSERT INTO "django_content_type" ("id", "app_label", "model") VALUES (9, 'blog', 'coupon');
INSERT INTO "django_content_type" ("id", "app_label", "model") VALUES (10, 'blog', 'order');
INSERT INTO "django_content_type" ("id", "app_label", "model") VALUES (11, 'blog', 'delivery');
INSERT INTO "django_content_type" ("id", "app_label", "model") VALUES (12, 'blog', 'shippingaddress');
INSERT INTO "django_content_type" ("id", "app_label", "model") VALUES (13, 'blog', 'product');
INSERT INTO "django_content_type" ("id", "app_label", "model") VALUES (14, 'blog', 'orderitem');
INSERT INTO "django_content_type" ("id", "app_label", "model") VALUES (15, 'star_ratings', 'rating');
INSERT INTO "django_content_type" ("id", "app_label", "model") VALUES (16, 'star_ratings', 'userrating');
INSERT INTO "django_content_type" ("id", "app_label", "model") VALUES (17, 'taggit', 'tag');
INSERT INTO "django_content_type" ("id", "app_label", "model") VALUES (18, 'taggit', 'taggeditem');
COMMIT;

-- ----------------------------
-- Table structure for django_migrations
-- ----------------------------
DROP TABLE IF EXISTS "django_migrations";
CREATE TABLE "django_migrations" (
  "id" int8 NOT NULL DEFAULT nextval('django_migrations_id_seq'::regclass),
  "app" varchar(255) COLLATE "pg_catalog"."default" NOT NULL,
  "name" varchar(255) COLLATE "pg_catalog"."default" NOT NULL,
  "applied" timestamptz(6) NOT NULL
)
;

-- ----------------------------
-- Records of django_migrations
-- ----------------------------
BEGIN;
INSERT INTO "django_migrations" ("id", "app", "name", "applied") VALUES (1, 'contenttypes', '0001_initial', '2021-10-14 20:33:43.904266+03:30');
INSERT INTO "django_migrations" ("id", "app", "name", "applied") VALUES (2, 'auth', '0001_initial', '2021-10-14 20:33:43.933856+03:30');
INSERT INTO "django_migrations" ("id", "app", "name", "applied") VALUES (3, 'admin', '0001_initial', '2021-10-14 20:33:43.951806+03:30');
INSERT INTO "django_migrations" ("id", "app", "name", "applied") VALUES (4, 'admin', '0002_logentry_remove_auto_add', '2021-10-14 20:33:43.967763+03:30');
INSERT INTO "django_migrations" ("id", "app", "name", "applied") VALUES (5, 'admin', '0003_logentry_add_action_flag_choices', '2021-10-14 20:33:43.981031+03:30');
INSERT INTO "django_migrations" ("id", "app", "name", "applied") VALUES (6, 'contenttypes', '0002_remove_content_type_name', '2021-10-14 20:33:44.002064+03:30');
INSERT INTO "django_migrations" ("id", "app", "name", "applied") VALUES (7, 'auth', '0002_alter_permission_name_max_length', '2021-10-14 20:33:44.01512+03:30');
INSERT INTO "django_migrations" ("id", "app", "name", "applied") VALUES (8, 'auth', '0003_alter_user_email_max_length', '2021-10-14 20:33:44.029373+03:30');
INSERT INTO "django_migrations" ("id", "app", "name", "applied") VALUES (9, 'auth', '0004_alter_user_username_opts', '2021-10-14 20:33:44.039353+03:30');
INSERT INTO "django_migrations" ("id", "app", "name", "applied") VALUES (10, 'auth', '0005_alter_user_last_login_null', '2021-10-14 20:33:44.052318+03:30');
INSERT INTO "django_migrations" ("id", "app", "name", "applied") VALUES (11, 'auth', '0006_require_contenttypes_0002', '2021-10-14 20:33:44.057863+03:30');
INSERT INTO "django_migrations" ("id", "app", "name", "applied") VALUES (12, 'auth', '0007_alter_validators_add_error_messages', '2021-10-14 20:33:44.067085+03:30');
INSERT INTO "django_migrations" ("id", "app", "name", "applied") VALUES (13, 'auth', '0008_alter_user_username_max_length', '2021-10-14 20:33:44.083048+03:30');
INSERT INTO "django_migrations" ("id", "app", "name", "applied") VALUES (14, 'auth', '0009_alter_user_last_name_max_length', '2021-10-14 20:33:44.101026+03:30');
INSERT INTO "django_migrations" ("id", "app", "name", "applied") VALUES (15, 'auth', '0010_alter_group_name_max_length', '2021-10-14 20:33:44.114101+03:30');
INSERT INTO "django_migrations" ("id", "app", "name", "applied") VALUES (16, 'auth', '0011_update_proxy_permissions', '2021-10-14 20:33:44.124575+03:30');
INSERT INTO "django_migrations" ("id", "app", "name", "applied") VALUES (17, 'auth', '0012_alter_user_first_name_max_length', '2021-10-14 20:33:44.137627+03:30');
INSERT INTO "django_migrations" ("id", "app", "name", "applied") VALUES (18, 'blog', '0001_initial', '2021-10-14 20:33:44.152587+03:30');
INSERT INTO "django_migrations" ("id", "app", "name", "applied") VALUES (19, 'sessions', '0001_initial', '2021-10-14 20:33:44.161731+03:30');
INSERT INTO "django_migrations" ("id", "app", "name", "applied") VALUES (20, 'blog', '0002_alter_product_status', '2021-10-16 07:27:47.146374+03:30');
INSERT INTO "django_migrations" ("id", "app", "name", "applied") VALUES (21, 'blog', '0003_alter_product_status', '2021-10-16 07:27:47.161335+03:30');
INSERT INTO "django_migrations" ("id", "app", "name", "applied") VALUES (22, 'blog', '0004_alter_product_managers', '2021-10-16 07:28:54.726286+03:30');
INSERT INTO "django_migrations" ("id", "app", "name", "applied") VALUES (23, 'blog', '0005_auto_20211016_2347', '2021-10-16 20:17:24.303918+03:30');
INSERT INTO "django_migrations" ("id", "app", "name", "applied") VALUES (24, 'blog', '0006_alter_product_options', '2021-10-22 15:37:51.044205+03:30');
INSERT INTO "django_migrations" ("id", "app", "name", "applied") VALUES (25, 'blog', '0007_auto_20211022_1910', '2021-10-22 15:40:12.737503+03:30');
INSERT INTO "django_migrations" ("id", "app", "name", "applied") VALUES (26, 'blog', '0008_customer_image', '2021-10-23 14:27:06.482239+03:30');
INSERT INTO "django_migrations" ("id", "app", "name", "applied") VALUES (27, 'blog', '0009_alter_customer_image', '2021-10-23 14:31:40.920631+03:30');
INSERT INTO "django_migrations" ("id", "app", "name", "applied") VALUES (28, 'blog', '0010_customer_address', '2021-10-25 21:47:12.90985+03:30');
INSERT INTO "django_migrations" ("id", "app", "name", "applied") VALUES (29, 'blog', '0011_alter_customer_image', '2021-10-26 13:31:11.965048+03:30');
INSERT INTO "django_migrations" ("id", "app", "name", "applied") VALUES (30, 'blog', '0012_alter_customer_image', '2021-10-26 13:36:42.529909+03:30');
INSERT INTO "django_migrations" ("id", "app", "name", "applied") VALUES (31, 'blog', '0013_alter_customer_image', '2021-10-26 13:47:28.272977+03:30');
INSERT INTO "django_migrations" ("id", "app", "name", "applied") VALUES (32, 'blog', '0014_product_offprice', '2021-10-28 11:00:45.926565+03:30');
INSERT INTO "django_migrations" ("id", "app", "name", "applied") VALUES (33, 'star_ratings', '0001_initial', '2021-10-28 12:34:59.568291+03:30');
INSERT INTO "django_migrations" ("id", "app", "name", "applied") VALUES (34, 'star_ratings', '0002_auto_20160608_1119', '2021-10-28 12:34:59.607187+03:30');
INSERT INTO "django_migrations" ("id", "app", "name", "applied") VALUES (35, 'star_ratings', '0003_auto_20160721_1127', '2021-10-28 12:34:59.630126+03:30');
INSERT INTO "django_migrations" ("id", "app", "name", "applied") VALUES (36, 'star_ratings', '0004_auto_20211028_1730', '2021-10-28 14:00:42.13949+03:30');
INSERT INTO "django_migrations" ("id", "app", "name", "applied") VALUES (37, 'blog', '0015_auto_20211028_1827', '2021-10-28 14:57:25.89253+03:30');
INSERT INTO "django_migrations" ("id", "app", "name", "applied") VALUES (38, 'blog', '0016_alter_product_hits', '2021-10-28 15:05:42.700411+03:30');
INSERT INTO "django_migrations" ("id", "app", "name", "applied") VALUES (39, 'blog', '0017_customer_ip_address', '2021-10-28 21:08:47.254809+03:30');
INSERT INTO "django_migrations" ("id", "app", "name", "applied") VALUES (40, 'blog', '0018_alter_customer_ip_address', '2021-10-28 21:15:20.932321+03:30');
INSERT INTO "django_migrations" ("id", "app", "name", "applied") VALUES (41, 'blog', '0019_alter_customer_ip_address', '2021-10-28 21:16:28.138944+03:30');
INSERT INTO "django_migrations" ("id", "app", "name", "applied") VALUES (42, 'blog', '0020_alter_customer_ip_address', '2021-10-28 21:17:46.314954+03:30');
INSERT INTO "django_migrations" ("id", "app", "name", "applied") VALUES (43, 'taggit', '0001_initial', '2021-10-30 09:31:19.226961+03:30');
INSERT INTO "django_migrations" ("id", "app", "name", "applied") VALUES (44, 'taggit', '0002_auto_20150616_2121', '2021-10-30 09:31:19.237931+03:30');
INSERT INTO "django_migrations" ("id", "app", "name", "applied") VALUES (45, 'taggit', '0003_taggeditem_add_unique_index', '2021-10-30 09:31:19.247904+03:30');
INSERT INTO "django_migrations" ("id", "app", "name", "applied") VALUES (46, 'blog', '0021_product_tags', '2021-10-30 09:31:19.27184+03:30');
INSERT INTO "django_migrations" ("id", "app", "name", "applied") VALUES (47, 'blog', '0022_coupon', '2021-10-30 15:56:11.530241+03:30');
INSERT INTO "django_migrations" ("id", "app", "name", "applied") VALUES (48, 'blog', '0023_order_coupons', '2021-10-30 16:02:50.103073+03:30');
INSERT INTO "django_migrations" ("id", "app", "name", "applied") VALUES (49, 'blog', '0024_alter_coupon_discount', '2021-10-30 16:06:02.151441+03:30');
INSERT INTO "django_migrations" ("id", "app", "name", "applied") VALUES (50, 'blog', '0025_auto_20211030_2021', '2021-10-30 16:51:55.816795+03:30');
INSERT INTO "django_migrations" ("id", "app", "name", "applied") VALUES (51, 'blog', '0026_delivery', '2021-10-30 20:32:54.600381+03:30');
INSERT INTO "django_migrations" ("id", "app", "name", "applied") VALUES (52, 'star_ratings', '0004_auto_20220621_2337', '2022-06-21 19:24:13.840425+04:30');
INSERT INTO "django_migrations" ("id", "app", "name", "applied") VALUES (53, 'blog', '0027_alter_product_description', '2022-07-24 16:54:57.568504+04:30');
COMMIT;

-- ----------------------------
-- Table structure for django_session
-- ----------------------------
DROP TABLE IF EXISTS "django_session";
CREATE TABLE "django_session" (
  "session_key" varchar(40) COLLATE "pg_catalog"."default" NOT NULL,
  "session_data" text COLLATE "pg_catalog"."default" NOT NULL,
  "expire_date" timestamptz(6) NOT NULL
)
;

-- ----------------------------
-- Records of django_session
-- ----------------------------
BEGIN;
INSERT INTO "django_session" ("session_key", "session_data", "expire_date") VALUES ('qtn840220q7xqymzrzedb0sdpz950r3o', '.eJxVjMsOwiAQRf-FtSG8BtSl-35DM8yAVA0kpV0Z_92QdKHbe865bzHjvpV572mdFxZXoZU4_Y4R6ZnqIPzAem-SWt3WJcqhyIN2OTVOr9vh_h0U7GXUii0DeZ9t1i5BIIwuBAsOvTLnqLM2PqgcDGXlgJI1DJAvaChqjiA-XwWROCI:1oG2UR:znN-mnDUFfFWx_7QFyHk7IGTcDHi7oFoIxTKm3LCsPc', '2022-08-08 22:37:35.300217+04:30');
INSERT INTO "django_session" ("session_key", "session_data", "expire_date") VALUES ('vqvsz5dgvf934cj1f5ars2dcsjc505ll', '.eJxVjMsOwiAQRf-FtSG8BtSl-35DM8yAVA0kpV0Z_92QdKHbe865bzHjvpV572mdFxZXoZU4_Y4R6ZnqIPzAem-SWt3WJcqhyIN2OTVOr9vh_h0U7GXUii0DeZ9t1i5BIIwuBAsOvTLnqLM2PqgcDGXlgJI1DJAvaChqjiA-XwWROCI:1oG3Do:j3u_Kg9qRso_kqBFyMvWI_jz_rqM4RB_XV6Hq1TsN9E', '2022-08-08 23:24:28.785389+04:30');
INSERT INTO "django_session" ("session_key", "session_data", "expire_date") VALUES ('w80wesmyhgnk4jmn08lmlwtrbflhb947', '.eJxVjEEOgjAQRe_StWlgbBnq0j1naKYzU4saSCisjHdXEha6_e-9_zKRtrXEreoSRzEX0_bm9Dsm4odOO5E7TbfZ8jyty5jsrtiDVjvMos_r4f4dFKrlW3eKAoKKbfKAEjB4aLMoqwN2DJk9JKSUsWHXBcnkoAko6kn6dAbz_gAhrTjV:1oGOzx:6ZrdroGT0QXujduaqKNvmHdMyqpATAHwuFySdOawGXE', '2022-08-09 22:39:37.921017+04:30');
INSERT INTO "django_session" ("session_key", "session_data", "expire_date") VALUES ('ti5qre9ojcb0oj21z7q7q1tok69fe4pq', '.eJxVjMsOwiAQRf-FtSF0GFpx6b7fQGZ4SNVAUtqV8d-VpAvd3nPOfQlH-5bd3uLqliAuYhCn343JP2LpINyp3Kr0tWzrwrIr8qBNzjXE5_Vw_w4ytdxrQjRwBtBJj0ajMkYpO5KZFEbmpCxaGxASRAYaArEC1tpM8ZsxevH-ALC4NvY:1oGRGj:BRiy4vy7aPsZYEvXtyLBbR33_hZcBBXPTXpdH2e8mFU', '2022-08-10 01:05:05.689407+04:30');
COMMIT;

-- ----------------------------
-- Table structure for star_ratings_rating
-- ----------------------------
DROP TABLE IF EXISTS "star_ratings_rating";
CREATE TABLE "star_ratings_rating" (
  "id" int8 NOT NULL DEFAULT nextval('star_ratings_rating_id_seq'::regclass),
  "count" int4 NOT NULL,
  "total" int4 NOT NULL,
  "average" numeric(6,3) NOT NULL,
  "object_id" int4,
  "content_type_id" int4
)
;

-- ----------------------------
-- Records of star_ratings_rating
-- ----------------------------
BEGIN;
COMMIT;

-- ----------------------------
-- Table structure for star_ratings_userrating
-- ----------------------------
DROP TABLE IF EXISTS "star_ratings_userrating";
CREATE TABLE "star_ratings_userrating" (
  "id" int8 NOT NULL DEFAULT nextval('star_ratings_userrating_id_seq'::regclass),
  "created" timestamptz(6) NOT NULL,
  "modified" timestamptz(6) NOT NULL,
  "ip" inet,
  "score" int2 NOT NULL,
  "rating_id" int8 NOT NULL,
  "user_id" int4
)
;

-- ----------------------------
-- Records of star_ratings_userrating
-- ----------------------------
BEGIN;
COMMIT;

-- ----------------------------
-- Table structure for taggit_tag
-- ----------------------------
DROP TABLE IF EXISTS "taggit_tag";
CREATE TABLE "taggit_tag" (
  "id" int4 NOT NULL DEFAULT nextval('taggit_tag_id_seq'::regclass),
  "name" varchar(100) COLLATE "pg_catalog"."default" NOT NULL,
  "slug" varchar(100) COLLATE "pg_catalog"."default" NOT NULL
)
;

-- ----------------------------
-- Records of taggit_tag
-- ----------------------------
BEGIN;
INSERT INTO "taggit_tag" ("id", "name", "slug") VALUES (1, 'Green', 'green');
INSERT INTO "taggit_tag" ("id", "name", "slug") VALUES (2, 'Phone', 'phone');
INSERT INTO "taggit_tag" ("id", "name", "slug") VALUES (3, 'Red', 'red');
INSERT INTO "taggit_tag" ("id", "name", "slug") VALUES (4, 'Headphone', 'headphone');
INSERT INTO "taggit_tag" ("id", "name", "slug") VALUES (5, 'Black', 'black');
INSERT INTO "taggit_tag" ("id", "name", "slug") VALUES (6, 'white', 'white');
INSERT INTO "taggit_tag" ("id", "name", "slug") VALUES (7, 'gray', 'gray');
INSERT INTO "taggit_tag" ("id", "name", "slug") VALUES (8, 'apple', 'apple');
INSERT INTO "taggit_tag" ("id", "name", "slug") VALUES (9, 'gold', 'gold');
INSERT INTO "taggit_tag" ("id", "name", "slug") VALUES (10, 'iPhone', 'iphone');
COMMIT;

-- ----------------------------
-- Table structure for taggit_taggeditem
-- ----------------------------
DROP TABLE IF EXISTS "taggit_taggeditem";
CREATE TABLE "taggit_taggeditem" (
  "id" int4 NOT NULL DEFAULT nextval('taggit_taggeditem_id_seq'::regclass),
  "object_id" int4 NOT NULL,
  "content_type_id" int4 NOT NULL,
  "tag_id" int4 NOT NULL
)
;

-- ----------------------------
-- Records of taggit_taggeditem
-- ----------------------------
BEGIN;
COMMIT;

-- ----------------------------
-- Alter sequences owned by
-- ----------------------------
ALTER SEQUENCE "auth_group_id_seq"
OWNED BY "auth_group"."id";
SELECT setval('"auth_group_id_seq"', 1, false);

-- ----------------------------
-- Alter sequences owned by
-- ----------------------------
ALTER SEQUENCE "auth_permission_id_seq"
OWNED BY "auth_permission"."id";
SELECT setval('"auth_permission_id_seq"', 72, true);

-- ----------------------------
-- Alter sequences owned by
-- ----------------------------
ALTER SEQUENCE "auth_user_groups_id_seq"
OWNED BY "auth_user_groups"."id";
SELECT setval('"auth_user_groups_id_seq"', 1, false);

-- ----------------------------
-- Alter sequences owned by
-- ----------------------------
ALTER SEQUENCE "auth_user_id_seq"
OWNED BY "auth_user"."id";
SELECT setval('"auth_user_id_seq"', 3, true);

-- ----------------------------
-- Alter sequences owned by
-- ----------------------------
ALTER SEQUENCE "auth_user_user_permissions_id_seq"
OWNED BY "auth_user_user_permissions"."id";
SELECT setval('"auth_user_user_permissions_id_seq"', 1, false);

-- ----------------------------
-- Alter sequences owned by
-- ----------------------------
ALTER SEQUENCE "blog_coupon_id_seq"
OWNED BY "blog_coupon"."id";
SELECT setval('"blog_coupon_id_seq"', 2, true);

-- ----------------------------
-- Alter sequences owned by
-- ----------------------------
ALTER SEQUENCE "blog_coupon_id_seq1"
OWNED BY "blog_coupon"."id";
SELECT setval('"blog_coupon_id_seq1"', 2, true);

-- ----------------------------
-- Alter sequences owned by
-- ----------------------------
ALTER SEQUENCE "blog_customer_id_seq"
OWNED BY "blog_customer"."id";
SELECT setval('"blog_customer_id_seq"', 1, true);

-- ----------------------------
-- Alter sequences owned by
-- ----------------------------
ALTER SEQUENCE "blog_customer_id_seq1"
OWNED BY "blog_customer"."id";
SELECT setval('"blog_customer_id_seq1"', 3, true);

-- ----------------------------
-- Alter sequences owned by
-- ----------------------------
ALTER SEQUENCE "blog_ipaddress_id_seq"
OWNED BY "blog_ipaddress"."id";
SELECT setval('"blog_ipaddress_id_seq"', 846, true);

-- ----------------------------
-- Alter sequences owned by
-- ----------------------------
ALTER SEQUENCE "blog_ipaddress_id_seq1"
OWNED BY "blog_ipaddress"."id";
SELECT setval('"blog_ipaddress_id_seq1"', 475, true);

-- ----------------------------
-- Alter sequences owned by
-- ----------------------------
ALTER SEQUENCE "blog_order_id_seq"
OWNED BY "blog_order"."id";
SELECT setval('"blog_order_id_seq"', 39, true);

-- ----------------------------
-- Alter sequences owned by
-- ----------------------------
ALTER SEQUENCE "blog_order_id_seq1"
OWNED BY "blog_order"."id";
SELECT setval('"blog_order_id_seq1"', 7, true);

-- ----------------------------
-- Alter sequences owned by
-- ----------------------------
ALTER SEQUENCE "blog_orderitem_id_seq"
OWNED BY "blog_orderitem"."id";
SELECT setval('"blog_orderitem_id_seq"', 44, true);

-- ----------------------------
-- Alter sequences owned by
-- ----------------------------
ALTER SEQUENCE "blog_orderitem_id_seq1"
OWNED BY "blog_orderitem"."id";
SELECT setval('"blog_orderitem_id_seq1"', 25, true);

-- ----------------------------
-- Alter sequences owned by
-- ----------------------------
ALTER SEQUENCE "blog_product_hits_id_seq"
OWNED BY "blog_product_hits"."id";
SELECT setval('"blog_product_hits_id_seq"', 23, true);

-- ----------------------------
-- Alter sequences owned by
-- ----------------------------
ALTER SEQUENCE "blog_product_hits_id_seq1"
OWNED BY "blog_product_hits"."id";
SELECT setval('"blog_product_hits_id_seq1"', 12, true);

-- ----------------------------
-- Alter sequences owned by
-- ----------------------------
ALTER SEQUENCE "blog_product_id_seq"
OWNED BY "blog_product"."id";
SELECT setval('"blog_product_id_seq"', 1, true);

-- ----------------------------
-- Alter sequences owned by
-- ----------------------------
ALTER SEQUENCE "blog_product_id_seq1"
OWNED BY "blog_product"."id";
SELECT setval('"blog_product_id_seq1"', 1, true);

-- ----------------------------
-- Alter sequences owned by
-- ----------------------------
ALTER SEQUENCE "django_admin_log_id_seq"
OWNED BY "django_admin_log"."id";
SELECT setval('"django_admin_log_id_seq"', 43, true);

-- ----------------------------
-- Alter sequences owned by
-- ----------------------------
ALTER SEQUENCE "django_content_type_id_seq"
OWNED BY "django_content_type"."id";
SELECT setval('"django_content_type_id_seq"', 18, true);

-- ----------------------------
-- Alter sequences owned by
-- ----------------------------
ALTER SEQUENCE "django_migrations_id_seq"
OWNED BY "django_migrations"."id";
SELECT setval('"django_migrations_id_seq"', 25, true);

-- ----------------------------
-- Alter sequences owned by
-- ----------------------------
ALTER SEQUENCE "star_ratings_rating_id_seq"
OWNED BY "star_ratings_rating"."id";
SELECT setval('"star_ratings_rating_id_seq"', 6, true);

-- ----------------------------
-- Alter sequences owned by
-- ----------------------------
ALTER SEQUENCE "star_ratings_userrating_id_seq"
OWNED BY "star_ratings_userrating"."id";
SELECT setval('"star_ratings_userrating_id_seq"', 3, true);

-- ----------------------------
-- Alter sequences owned by
-- ----------------------------
ALTER SEQUENCE "taggit_tag_id_seq"
OWNED BY "taggit_tag"."id";
SELECT setval('"taggit_tag_id_seq"', 15, true);

-- ----------------------------
-- Alter sequences owned by
-- ----------------------------
ALTER SEQUENCE "taggit_taggeditem_id_seq"
OWNED BY "taggit_taggeditem"."id";
SELECT setval('"taggit_taggeditem_id_seq"', 25, true);

-- ----------------------------
-- Indexes structure for table auth_group
-- ----------------------------
CREATE INDEX "auth_group_name_a6ea08ec_like" ON "auth_group" USING btree (
  "name" COLLATE "pg_catalog"."default" "pg_catalog"."varchar_pattern_ops" ASC NULLS LAST
);

-- ----------------------------
-- Uniques structure for table auth_group
-- ----------------------------
ALTER TABLE "auth_group" ADD CONSTRAINT "auth_group_name_key" UNIQUE ("name");

-- ----------------------------
-- Primary Key structure for table auth_group
-- ----------------------------
ALTER TABLE "auth_group" ADD CONSTRAINT "auth_group_pkey" PRIMARY KEY ("id");

-- ----------------------------
-- Indexes structure for table auth_group_permissions
-- ----------------------------
CREATE INDEX "auth_group_permissio_permission_id_84c5c92e_fk_auth_perm" ON "auth_group_permissions" USING btree (
  "permission_id" "pg_catalog"."int4_ops" ASC NULLS LAST
);
CREATE UNIQUE INDEX "auth_group_permissions_group_id_permission_id_0cd325b0_uniq" ON "auth_group_permissions" USING btree (
  "group_id" "pg_catalog"."int4_ops" ASC NULLS LAST,
  "permission_id" "pg_catalog"."int4_ops" ASC NULLS LAST
);

-- ----------------------------
-- Primary Key structure for table auth_group_permissions
-- ----------------------------
ALTER TABLE "auth_group_permissions" ADD CONSTRAINT "auth_group_permissions_pkey" PRIMARY KEY ("id");

-- ----------------------------
-- Indexes structure for table auth_permission
-- ----------------------------
CREATE INDEX "auth_permission_content_type_id_2f476e4b" ON "auth_permission" USING btree (
  "content_type_id" "pg_catalog"."int4_ops" ASC NULLS LAST
);

-- ----------------------------
-- Uniques structure for table auth_permission
-- ----------------------------
ALTER TABLE "auth_permission" ADD CONSTRAINT "auth_permission_content_type_id_codename_01ab375a_uniq" UNIQUE ("content_type_id", "codename");

-- ----------------------------
-- Primary Key structure for table auth_permission
-- ----------------------------
ALTER TABLE "auth_permission" ADD CONSTRAINT "auth_permission_pkey" PRIMARY KEY ("id");

-- ----------------------------
-- Indexes structure for table auth_user
-- ----------------------------
CREATE INDEX "auth_user_username_6821ab7c_like" ON "auth_user" USING btree (
  "username" COLLATE "pg_catalog"."default" "pg_catalog"."varchar_pattern_ops" ASC NULLS LAST
);

-- ----------------------------
-- Uniques structure for table auth_user
-- ----------------------------
ALTER TABLE "auth_user" ADD CONSTRAINT "auth_user_username_key" UNIQUE ("username");

-- ----------------------------
-- Primary Key structure for table auth_user
-- ----------------------------
ALTER TABLE "auth_user" ADD CONSTRAINT "auth_user_pkey" PRIMARY KEY ("id");

-- ----------------------------
-- Indexes structure for table auth_user_groups
-- ----------------------------
CREATE INDEX "auth_user_groups_group_id_97559544" ON "auth_user_groups" USING btree (
  "group_id" "pg_catalog"."int4_ops" ASC NULLS LAST
);
CREATE INDEX "auth_user_groups_user_id_6a12ed8b" ON "auth_user_groups" USING btree (
  "user_id" "pg_catalog"."int4_ops" ASC NULLS LAST
);

-- ----------------------------
-- Uniques structure for table auth_user_groups
-- ----------------------------
ALTER TABLE "auth_user_groups" ADD CONSTRAINT "auth_user_groups_user_id_group_id_94350c0c_uniq" UNIQUE ("user_id", "group_id");

-- ----------------------------
-- Primary Key structure for table auth_user_groups
-- ----------------------------
ALTER TABLE "auth_user_groups" ADD CONSTRAINT "auth_user_groups_pkey" PRIMARY KEY ("id");

-- ----------------------------
-- Indexes structure for table auth_user_user_permissions
-- ----------------------------
CREATE INDEX "auth_user_user_permissions_permission_id_1fbb5f2c" ON "auth_user_user_permissions" USING btree (
  "permission_id" "pg_catalog"."int4_ops" ASC NULLS LAST
);
CREATE INDEX "auth_user_user_permissions_user_id_a95ead1b" ON "auth_user_user_permissions" USING btree (
  "user_id" "pg_catalog"."int4_ops" ASC NULLS LAST
);

-- ----------------------------
-- Uniques structure for table auth_user_user_permissions
-- ----------------------------
ALTER TABLE "auth_user_user_permissions" ADD CONSTRAINT "auth_user_user_permissions_user_id_permission_id_14a6b632_uniq" UNIQUE ("user_id", "permission_id");

-- ----------------------------
-- Primary Key structure for table auth_user_user_permissions
-- ----------------------------
ALTER TABLE "auth_user_user_permissions" ADD CONSTRAINT "auth_user_user_permissions_pkey" PRIMARY KEY ("id");

-- ----------------------------
-- Auto increment value for blog_coupon
-- ----------------------------
SELECT setval('"blog_coupon_id_seq1"', 2, true);

-- ----------------------------
-- Primary Key structure for table blog_coupon
-- ----------------------------
ALTER TABLE "blog_coupon" ADD CONSTRAINT "blog_coupon_pkey" PRIMARY KEY ("id");

-- ----------------------------
-- Auto increment value for blog_customer
-- ----------------------------
SELECT setval('"blog_customer_id_seq1"', 3, true);

-- ----------------------------
-- Primary Key structure for table blog_customer
-- ----------------------------
ALTER TABLE "blog_customer" ADD CONSTRAINT "blog_customer_pkey" PRIMARY KEY ("id");

-- ----------------------------
-- Auto increment value for blog_ipaddress
-- ----------------------------
SELECT setval('"blog_ipaddress_id_seq1"', 475, true);

-- ----------------------------
-- Primary Key structure for table blog_ipaddress
-- ----------------------------
ALTER TABLE "blog_ipaddress" ADD CONSTRAINT "blog_ipaddress_pkey" PRIMARY KEY ("id");

-- ----------------------------
-- Auto increment value for blog_order
-- ----------------------------
SELECT setval('"blog_order_id_seq1"', 7, true);

-- ----------------------------
-- Primary Key structure for table blog_order
-- ----------------------------
ALTER TABLE "blog_order" ADD CONSTRAINT "blog_order_pkey" PRIMARY KEY ("id");

-- ----------------------------
-- Auto increment value for blog_orderitem
-- ----------------------------
SELECT setval('"blog_orderitem_id_seq1"', 25, true);

-- ----------------------------
-- Primary Key structure for table blog_orderitem
-- ----------------------------
ALTER TABLE "blog_orderitem" ADD CONSTRAINT "blog_orderitem_pkey" PRIMARY KEY ("id");

-- ----------------------------
-- Auto increment value for blog_product
-- ----------------------------
SELECT setval('"blog_product_id_seq1"', 1, true);

-- ----------------------------
-- Primary Key structure for table blog_product
-- ----------------------------
ALTER TABLE "blog_product" ADD CONSTRAINT "blog_product_pkey" PRIMARY KEY ("id");

-- ----------------------------
-- Auto increment value for blog_product_hits
-- ----------------------------
SELECT setval('"blog_product_hits_id_seq1"', 12, true);

-- ----------------------------
-- Primary Key structure for table blog_product_hits
-- ----------------------------
ALTER TABLE "blog_product_hits" ADD CONSTRAINT "blog_product_hits_pkey" PRIMARY KEY ("id");

-- ----------------------------
-- Primary Key structure for table blog_shippingaddress
-- ----------------------------
ALTER TABLE "blog_shippingaddress" ADD CONSTRAINT "blog_shippingaddress_pkey" PRIMARY KEY ("id");

-- ----------------------------
-- Indexes structure for table django_admin_log
-- ----------------------------
CREATE INDEX "django_admin_log_content_type_id_c4bce8eb" ON "django_admin_log" USING btree (
  "content_type_id" "pg_catalog"."int4_ops" ASC NULLS LAST
);
CREATE INDEX "django_admin_log_user_id_c564eba6" ON "django_admin_log" USING btree (
  "user_id" "pg_catalog"."int4_ops" ASC NULLS LAST
);

-- ----------------------------
-- Checks structure for table django_admin_log
-- ----------------------------
ALTER TABLE "django_admin_log" ADD CONSTRAINT "django_admin_log_action_flag_check" CHECK (action_flag >= 0);

-- ----------------------------
-- Primary Key structure for table django_admin_log
-- ----------------------------
ALTER TABLE "django_admin_log" ADD CONSTRAINT "django_admin_log_pkey" PRIMARY KEY ("id");

-- ----------------------------
-- Uniques structure for table django_content_type
-- ----------------------------
ALTER TABLE "django_content_type" ADD CONSTRAINT "django_content_type_app_label_model_76bd3d3b_uniq" UNIQUE ("app_label", "model");

-- ----------------------------
-- Primary Key structure for table django_content_type
-- ----------------------------
ALTER TABLE "django_content_type" ADD CONSTRAINT "django_content_type_pkey" PRIMARY KEY ("id");

-- ----------------------------
-- Primary Key structure for table django_migrations
-- ----------------------------
ALTER TABLE "django_migrations" ADD CONSTRAINT "django_migrations_pkey" PRIMARY KEY ("id");

-- ----------------------------
-- Indexes structure for table django_session
-- ----------------------------
CREATE INDEX "django_session_expire_date_a5c62663" ON "django_session" USING btree (
  "expire_date" "pg_catalog"."timestamptz_ops" ASC NULLS LAST
);
CREATE INDEX "django_session_session_key_c0390e0f_like" ON "django_session" USING btree (
  "session_key" COLLATE "pg_catalog"."default" "pg_catalog"."varchar_pattern_ops" ASC NULLS LAST
);

-- ----------------------------
-- Primary Key structure for table django_session
-- ----------------------------
ALTER TABLE "django_session" ADD CONSTRAINT "django_session_pkey" PRIMARY KEY ("session_key");

-- ----------------------------
-- Indexes structure for table star_ratings_rating
-- ----------------------------
CREATE INDEX "star_ratings_rating_content_type_id_176abacc" ON "star_ratings_rating" USING btree (
  "content_type_id" "pg_catalog"."int4_ops" ASC NULLS LAST
);

-- ----------------------------
-- Uniques structure for table star_ratings_rating
-- ----------------------------
ALTER TABLE "star_ratings_rating" ADD CONSTRAINT "star_ratings_rating_content_type_id_object_id_f170c88b_uniq" UNIQUE ("content_type_id", "object_id");

-- ----------------------------
-- Checks structure for table star_ratings_rating
-- ----------------------------
ALTER TABLE "star_ratings_rating" ADD CONSTRAINT "star_ratings_rating_count_check" CHECK (count >= 0);
ALTER TABLE "star_ratings_rating" ADD CONSTRAINT "star_ratings_rating_total_check" CHECK (total >= 0);
ALTER TABLE "star_ratings_rating" ADD CONSTRAINT "star_ratings_rating_object_id_check" CHECK (object_id >= 0);

-- ----------------------------
-- Primary Key structure for table star_ratings_rating
-- ----------------------------
ALTER TABLE "star_ratings_rating" ADD CONSTRAINT "star_ratings_rating_pkey" PRIMARY KEY ("id");

-- ----------------------------
-- Indexes structure for table star_ratings_userrating
-- ----------------------------
CREATE INDEX "star_ratings_userrating_rating_id_e7ac9370" ON "star_ratings_userrating" USING btree (
  "rating_id" "pg_catalog"."int8_ops" ASC NULLS LAST
);
CREATE INDEX "star_ratings_userrating_user_id_33d5d349" ON "star_ratings_userrating" USING btree (
  "user_id" "pg_catalog"."int4_ops" ASC NULLS LAST
);

-- ----------------------------
-- Uniques structure for table star_ratings_userrating
-- ----------------------------
ALTER TABLE "star_ratings_userrating" ADD CONSTRAINT "star_ratings_userrating_user_id_rating_id_25ba0a69_uniq" UNIQUE ("user_id", "rating_id");

-- ----------------------------
-- Checks structure for table star_ratings_userrating
-- ----------------------------
ALTER TABLE "star_ratings_userrating" ADD CONSTRAINT "star_ratings_userrating_score_check" CHECK (score >= 0);

-- ----------------------------
-- Primary Key structure for table star_ratings_userrating
-- ----------------------------
ALTER TABLE "star_ratings_userrating" ADD CONSTRAINT "star_ratings_userrating_pkey" PRIMARY KEY ("id");

-- ----------------------------
-- Indexes structure for table taggit_tag
-- ----------------------------
CREATE INDEX "taggit_tag_name_58eb2ed9_like" ON "taggit_tag" USING btree (
  "name" COLLATE "pg_catalog"."default" "pg_catalog"."varchar_pattern_ops" ASC NULLS LAST
);
CREATE INDEX "taggit_tag_slug_6be58b2c_like" ON "taggit_tag" USING btree (
  "slug" COLLATE "pg_catalog"."default" "pg_catalog"."varchar_pattern_ops" ASC NULLS LAST
);

-- ----------------------------
-- Uniques structure for table taggit_tag
-- ----------------------------
ALTER TABLE "taggit_tag" ADD CONSTRAINT "taggit_tag_name_key" UNIQUE ("name");
ALTER TABLE "taggit_tag" ADD CONSTRAINT "taggit_tag_slug_key" UNIQUE ("slug");

-- ----------------------------
-- Primary Key structure for table taggit_tag
-- ----------------------------
ALTER TABLE "taggit_tag" ADD CONSTRAINT "taggit_tag_pkey" PRIMARY KEY ("id");

-- ----------------------------
-- Indexes structure for table taggit_taggeditem
-- ----------------------------
CREATE INDEX "taggit_taggeditem_content_type_id_9957a03c" ON "taggit_taggeditem" USING btree (
  "content_type_id" "pg_catalog"."int4_ops" ASC NULLS LAST
);
CREATE INDEX "taggit_taggeditem_content_type_id_object_id_196cc965_idx" ON "taggit_taggeditem" USING btree (
  "content_type_id" "pg_catalog"."int4_ops" ASC NULLS LAST,
  "object_id" "pg_catalog"."int4_ops" ASC NULLS LAST
);
CREATE INDEX "taggit_taggeditem_object_id_e2d7d1df" ON "taggit_taggeditem" USING btree (
  "object_id" "pg_catalog"."int4_ops" ASC NULLS LAST
);
CREATE INDEX "taggit_taggeditem_tag_id_f4f5b767" ON "taggit_taggeditem" USING btree (
  "tag_id" "pg_catalog"."int4_ops" ASC NULLS LAST
);

-- ----------------------------
-- Uniques structure for table taggit_taggeditem
-- ----------------------------
ALTER TABLE "taggit_taggeditem" ADD CONSTRAINT "taggit_taggeditem_content_type_id_object_i_4bb97a8e_uniq" UNIQUE ("content_type_id", "object_id", "tag_id");

-- ----------------------------
-- Primary Key structure for table taggit_taggeditem
-- ----------------------------
ALTER TABLE "taggit_taggeditem" ADD CONSTRAINT "taggit_taggeditem_pkey" PRIMARY KEY ("id");

-- ----------------------------
-- Foreign Keys structure for table auth_permission
-- ----------------------------
ALTER TABLE "auth_permission" ADD CONSTRAINT "auth_permission_content_type_id_2f476e4b_fk_django_co" FOREIGN KEY ("content_type_id") REFERENCES "django_content_type" ("id") ON DELETE NO ACTION ON UPDATE NO ACTION DEFERRABLE INITIALLY DEFERRED;

-- ----------------------------
-- Foreign Keys structure for table auth_user_groups
-- ----------------------------
ALTER TABLE "auth_user_groups" ADD CONSTRAINT "auth_user_groups_group_id_97559544_fk_auth_group_id" FOREIGN KEY ("group_id") REFERENCES "auth_group" ("id") ON DELETE NO ACTION ON UPDATE NO ACTION DEFERRABLE INITIALLY DEFERRED;
ALTER TABLE "auth_user_groups" ADD CONSTRAINT "auth_user_groups_user_id_6a12ed8b_fk_auth_user_id" FOREIGN KEY ("user_id") REFERENCES "auth_user" ("id") ON DELETE NO ACTION ON UPDATE NO ACTION DEFERRABLE INITIALLY DEFERRED;

-- ----------------------------
-- Foreign Keys structure for table auth_user_user_permissions
-- ----------------------------
ALTER TABLE "auth_user_user_permissions" ADD CONSTRAINT "auth_user_user_permi_permission_id_1fbb5f2c_fk_auth_perm" FOREIGN KEY ("permission_id") REFERENCES "auth_permission" ("id") ON DELETE NO ACTION ON UPDATE NO ACTION DEFERRABLE INITIALLY DEFERRED;
ALTER TABLE "auth_user_user_permissions" ADD CONSTRAINT "auth_user_user_permissions_user_id_a95ead1b_fk_auth_user_id" FOREIGN KEY ("user_id") REFERENCES "auth_user" ("id") ON DELETE NO ACTION ON UPDATE NO ACTION DEFERRABLE INITIALLY DEFERRED;

-- ----------------------------
-- Foreign Keys structure for table django_admin_log
-- ----------------------------
ALTER TABLE "django_admin_log" ADD CONSTRAINT "django_admin_log_content_type_id_c4bce8eb_fk_django_co" FOREIGN KEY ("content_type_id") REFERENCES "django_content_type" ("id") ON DELETE NO ACTION ON UPDATE NO ACTION DEFERRABLE INITIALLY DEFERRED;
ALTER TABLE "django_admin_log" ADD CONSTRAINT "django_admin_log_user_id_c564eba6_fk_auth_user_id" FOREIGN KEY ("user_id") REFERENCES "auth_user" ("id") ON DELETE NO ACTION ON UPDATE NO ACTION DEFERRABLE INITIALLY DEFERRED;

-- ----------------------------
-- Foreign Keys structure for table star_ratings_rating
-- ----------------------------
ALTER TABLE "star_ratings_rating" ADD CONSTRAINT "star_ratings_rating_content_type_id_176abacc_fk_django_co" FOREIGN KEY ("content_type_id") REFERENCES "django_content_type" ("id") ON DELETE NO ACTION ON UPDATE NO ACTION DEFERRABLE INITIALLY DEFERRED;

-- ----------------------------
-- Foreign Keys structure for table star_ratings_userrating
-- ----------------------------
ALTER TABLE "star_ratings_userrating" ADD CONSTRAINT "star_ratings_userrating_rating_id_e7ac9370_fk" FOREIGN KEY ("rating_id") REFERENCES "star_ratings_rating" ("id") ON DELETE NO ACTION ON UPDATE NO ACTION DEFERRABLE INITIALLY DEFERRED;
ALTER TABLE "star_ratings_userrating" ADD CONSTRAINT "star_ratings_userrating_user_id_33d5d349_fk_auth_user_id" FOREIGN KEY ("user_id") REFERENCES "auth_user" ("id") ON DELETE NO ACTION ON UPDATE NO ACTION DEFERRABLE INITIALLY DEFERRED;

-- ----------------------------
-- Foreign Keys structure for table taggit_taggeditem
-- ----------------------------
ALTER TABLE "taggit_taggeditem" ADD CONSTRAINT "taggit_taggeditem_content_type_id_9957a03c_fk_django_co" FOREIGN KEY ("content_type_id") REFERENCES "django_content_type" ("id") ON DELETE NO ACTION ON UPDATE NO ACTION DEFERRABLE INITIALLY DEFERRED;
ALTER TABLE "taggit_taggeditem" ADD CONSTRAINT "taggit_taggeditem_tag_id_f4f5b767_fk_taggit_tag_id" FOREIGN KEY ("tag_id") REFERENCES "taggit_tag" ("id") ON DELETE NO ACTION ON UPDATE NO ACTION DEFERRABLE INITIALLY DEFERRED;
